Workbook

Sheet Sheet1
A1: FID RT (min) | B1: Area | C1: MS RT (min) | D1: Compound | E1: Formula | F1: Match Factor | G1: Carbon Number | H1: Molecular Weight | I1: Sample Set | J1: Response Factor | K1: Ai/As | L1: Mass (mg)
A2: 4 | B2: 1021.57 | C2: 3.98 | D2: Isobutane | E2: C4H10 | F2: 74.7 | G2: 4 | H2: 58.124 | I2: Interpolated | J2: 0.8885744 | K2: =('Sheet1'!$B$2/'Liquids Analysis'!$B$3) | L2: =('Liquids Analysis'!$B$3*('Sheet1'!$K$2/'Sheet1'!$J$2))
A3: 4.25 | B3: 533.26 | G3: 0 | H3: 0 | K3: =('Sheet1'!$B$3/'Liquids Analysis'!$B$3) | L3: =('Liquids Analysis'!$B$3*('Sheet1'!$K$3/'Sheet1'!$J$3))
A4: 4.5 | B4: 1632.06 | C4: 4.49 | D4: Butane, 2-methyl- | E4: C5H12 | F4: 97.3 | G4: 5 | H4: 72.151 | I4: RFSet1 | J4: 2 | K4: =('Sheet1'!$B$4/'Liquids Analysis'!$B$3) | L4: =('Liquids Analysis'!$B$3*('Sheet1'!$K$4/'Sheet1'!$J$4))
A5: 4.75 | B5: 1772.42 | C5: 4.76 | D5: Pentane, 2-methyl- | E5: C6H14 | F5: 95.9 | G5: 6 | H5: 86.178 | I5: RFSet1 | J5: 3 | K5: =('Sheet1'!$B$5/'Liquids Analysis'!$B$3) | L5: =('Liquids Analysis'!$B$3*('Sheet1'!$K$5/'Sheet1'!$J$5))
A6: 5 | B6: 814.03 | C6: 5.03 | D6: Pentane, 3-methyl- | E6: C6H14 | F6: 91.2 | G6: 6 | H6: 86.178 | I6: RFSet2 | J6: 4 | K6: =('Sheet1'!$B$6/'Liquids Analysis'!$B$3) | L6: =('Liquids Analysis'!$B$3*('Sheet1'!$K$6/'Sheet1'!$J$6))
A7: 5.25 | B7: 1357.55 | C7: 5.25 | D7: n-Hexane | E7: C6H14 | F7: 93.6 | G7: 6 | H7: 86.178 | I7: RFSet2 | J7: 5 | K7: =('Sheet1'!$B$7/'Liquids Analysis'!$B$3) | L7: =('Liquids Analysis'!$B$3*('Sheet1'!$K$7/'Sheet1'!$J$7))
A8: 5.5 | B8: 638.91 | C8: 5.54 | D8: 1-Butene, 2,3-dimethyl- | E8: C6H12 | F8: 86.7 | G8: 6 | H8: 84.162 | I8: Interpolated | J8: 0.9373136 | K8: =('Sheet1'!$B$8/'Liquids Analysis'!$B$3) | L8: =('Liquids Analysis'!$B$3*('Sheet1'!$K$8/'Sheet1'!$J$8))
A9: 5.75 | B9: 299.99 | G9: 0 | H9: 0 | K9: =('Sheet1'!$B$9/'Liquids Analysis'!$B$3) | L9: =('Liquids Analysis'!$B$3*('Sheet1'!$K$9/'Sheet1'!$J$9))
A10: 6 | B10: 800.09 | C10: 6.04 | D10: Cyclopentane, methyl- | E10: C6H12 | F10: 92 | G10: 6 | H10: 84.162 | I10: RFSet2 | J10: 6 | K10: =('Sheet1'!$B$10/'Liquids Analysis'!$B$3) | L10: =('Liquids Analysis'!$B$3*('Sheet1'!$K$10/'Sheet1'!$J$10))
A11: 6.25 | B11: 217.46 | G11: 0 | H11: 0 | K11: =('Sheet1'!$B$11/'Liquids Analysis'!$B$3) | L11: =('Liquids Analysis'!$B$3*('Sheet1'!$K$11/'Sheet1'!$J$11))
A12: 6.5 | B12: 759.61 | C12: 6.5 | D12: Cyclopentene, 1-methyl- | E12: C6H10 | F12: 74 | G12: 6 | H12: 82.146 | I12: RFSet2 | J12: 7 | K12: =('Sheet1'!$B$12/'Liquids Analysis'!$B$3) | L12: =('Liquids Analysis'!$B$3*('Sheet1'!$K$12/'Sheet1'!$J$12))
A13: 6.75 | B13: 22.93 | G13: 0 | H13: 0 | K13: =('Sheet1'!$B$13/'Liquids Analysis'!$B$3) | L13: =('Liquids Analysis'!$B$3*('Sheet1'!$K$13/'Sheet1'!$J$13))
A14: 7 | B14: 16.95 | G14: 0 | H14: 0 | K14: =('Sheet1'!$B$14/'Liquids Analysis'!$B$3) | L14: =('Liquids Analysis'!$B$3*('Sheet1'!$K$14/'Sheet1'!$J$14))
A15: 7.25 | B15: 623.35 | C15: 7.21 | D15: Benzene | E15: C6H6 | F15: 95.7 | G15: 6 | H15: 78.114 | I15: RFSet3 | J15: 8 | K15: =('Sheet1'!$B$15/'Liquids Analysis'!$B$3) | L15: =('Liquids Analysis'!$B$3*('Sheet1'!$K$15/'Sheet1'!$J$15))
A16: 7.5 | B16: 1268.63 | C16: 7.48 | D16: Hexane, 2-methyl- | E16: C7H16 | F16: 90.6 | G16: 7 | H16: 100.205 | I16: RFSet3 | J16: 9 | K16: =('Sheet1'!$B$16/'Liquids Analysis'!$B$3) | L16: =('Liquids Analysis'!$B$3*('Sheet1'!$K$16/'Sheet1'!$J$16))
A17: 7.75 | B17: 617.22 | C17: 7.76 | D17: Hexane, 3-methyl- | E17: C7H16 | F17: 94.9 | G17: 7 | H17: 100.205 | I17: Interpolated | J17: 0.9552128 | K17: =('Sheet1'!$B$17/'Liquids Analysis'!$B$3) | L17: =('Liquids Analysis'!$B$3*('Sheet1'!$K$17/'Sheet1'!$J$17))
A18: 8 | B18: 1730.12 | C18: 8.03 | D18: Isopropylcyclobutane | E18: C7H14 | F18: 82.4 | G18: 7 | H18: 98.189 | I18: RFSet3 | J18: 10 | K18: =('Sheet1'!$B$18/'Liquids Analysis'!$B$3) | L18: =('Liquids Analysis'!$B$3*('Sheet1'!$K$18/'Sheet1'!$J$18))

Sheet Liquids Analysis
B3: =INDEX('Sheet1'!$B$2:$B$18, MATCH('Hexane, 3-methyl-', 'Sheet1'!$D$2:$D$18, 0)) | C3: 30
